{
  "mean": {
    "loud": 0.0102107269451612,
    "strong": 0.0105251624077419,
    "soft": 0.0095954616612903,
    "faint": 0.0106759557258064,
    "weak": 0.0095081553451612,
    "booming": 0.0110950525870967,
    "pressed": 0.0106189796387096,
    "stable": 0.0129004427258064,
    "consistent": 0.0126561359903225,
    "trembling": 0.0101936123790322,
    "unstable": 0.0165068915419354,
    "shaky": 0.0145095519225806,
    "fluctuating": 0.0151776484806451,
    "quivering": 0.0115052446999999,
    "fluent": 0.011315574832258,
    "halting": 0.0116089662451612,
    "broken": 0.0136667347477419,
    "stuttering": 0.0156924030838709,
    "jerky": 0.0136054294709677,
    "disrupted": 0.0172121900967741,
    "choppy": 0.0156597926441935,
    "clear": 0.0126044012870967,
    "hoarse": 0.0124265118612903,
    "husky": 0.0109115686354838,
    "rough": 0.0113344112451612,
    "breathy": 0.0036980773725806,
    "muffled": 0.010957888348387,
    "shrill": 0.0091885097838709,
    "harsh": 0.0083709524580645,
    "raspy": 0.0130103605580645,
    "grating": 0.0118459110258064,
    "resonant": 0.0099654585064516,
    "deep": 0.009123469516129,
    "nasal": 0.0109377995709677,
    "denasal": 0.0105678137645161,
    "echoey": 0.0104664754774193,
    "damped": 0.0105158913451612,
    "metallic": 0.0090079333225806,
    "thin": 0.0089295965129032,
    "flat": 0.0109547205129032,
    "hollow": 0.0073461675267741,
    "intonated": 0.0124448655,
    "variable": 0.0112121168935483,
    "high-pitched": 0.0103774784741935,
    "low-pitched": 0.010319504048387,
    "pitchy": 0.0095700808193548,
    "monotone": 0.0102551157354838,
    "sharp": 0.0104619700290322,
    "vibrating": 0.0115508441451612,
    "cracked": 0.0139505165258064,
    "strained": 0.014330609516129,
    "airy": 0.0048244370027419,
    "tight": 0.0110675225758064,
    "buzzing": 0.0110977057903225,
    "normal": 0.0160768569354838,
    "mild": 0.0116328817806451,
    "moderate": 0.0107394392193548,
    "severe": 0.0119240095451612,
    "tense": 0.0091729318241935,
    "creaky": 0.0128682140806451,
    "gurgly": 0.0093050453548387,
    "gravelly": 0.0095585401741935,
    "Grade": 0.0163538991290322,
    "Roughness": 0.0121520789051612,
    "Breathiness": 0.0045267892387096,
    "Asthenia": 0.0087429758387096,
    "Strain": 0.0149147900806451,
    "grade": 0.0163538991290322,
    "roughness": 0.0121520789051612,
    "breathiness": 0.0045267892387096,
    "asthenia": 0.0087429758387096,
    "strain": 0.0149147900806451
  },
  "std": {
    "loud": 0.0466758191339942,
    "strong": 0.0622820327018893,
    "soft": 0.0559508503743474,
    "faint": 0.069834915221199,
    "weak": 0.0756083385363189,
    "booming": 0.0432905413492667,
    "pressed": 0.0336924393836411,
    "stable": 0.1194451213141802,
    "consistent": 0.0923380821362813,
    "trembling": 0.0781647843242122,
    "unstable": 0.0566812754947076,
    "shaky": 0.0617086448239806,
    "fluctuating": 0.0445741024821572,
    "quivering": 0.0709511432620145,
    "fluent": 0.0654734917554663,
    "halting": 0.0670426018844312,
    "broken": 0.0574438507504875,
    "stuttering": 0.0718951772111046,
    "jerky": 0.060660217676284,
    "disrupted": 0.0681037419145175,
    "choppy": 0.0574809890934656,
    "clear": 0.1137980132166344,
    "hoarse": 0.0701009328849821,
    "husky": 0.0384577684362961,
    "rough": 0.054917005504766,
    "breathy": 0.1000202094570756,
    "muffled": 0.0711699148015536,
    "shrill": 0.0749536430636168,
    "harsh": 0.079248989059208,
    "raspy": 0.0582133412253406,
    "grating": 0.0487103893204187,
    "resonant": 0.0613951890462339,
    "deep": 0.0493324864785407,
    "nasal": 0.0498304390541604,
    "denasal": 0.0435438080169841,
    "echoey": 0.0545341729299677,
    "damped": 0.0649907826163894,
    "metallic": 0.0536236698733086,
    "thin": 0.0637689655805224,
    "flat": 0.0394975690059058,
    "hollow": 0.0689875398580455,
    "intonated": 0.041875512279693,
    "variable": 0.0432853928563949,
    "high-pitched": 0.0429786690152049,
    "low-pitched": 0.0520215163983044,
    "pitchy": 0.052441016599771,
    "monotone": 0.0515159076073714,
    "sharp": 0.0562201889828928,
    "vibrating": 0.0460779278527166,
    "cracked": 0.04737822338308,
    "strained": 0.0647705250736161,
    "airy": 0.0996665581687906,
    "tight": 0.0544013287746217,
    "buzzing": 0.0699649601052679,
    "normal": 0.089958613338767,
    "mild": 0.0472186539656723,
    "moderate": 0.0622717603323596,
    "severe": 0.0864247604665038,
    "tense": 0.049323723079169,
    "creaky": 0.0453399505286908,
    "gurgly": 0.0599220951654559,
    "gravelly": 0.0608245682952978,
    "Grade": 0.0957224748653144,
    "Roughness": 0.0681962308425705,
    "Breathiness": 0.1251937808174042,
    "Asthenia": 0.0945596939301094,
    "Strain": 0.0618915229711701,
    "grade": 0.0957224748653144,
    "roughness": 0.0681962308425705,
    "breathiness": 0.1251937808174042,
    "asthenia": 0.0945596939301094,
    "strain": 0.0618915229711701
  }
}